Firma;Branche;Geschäftsführer;E-Mail;Weitere E-Mails;Telefon;Straße;PLZ;Ort;Webseite;Quelle;Suchgebiet;Breitengrad;Längengrad;OSM-ID;Status
Polo Motorrad Store Würzburg;Motorrad;;wuerzburg@polo-motorrad.com;;+49 931 2700042;Louis-Pasteur-Straße 11;97076;Würzburg;https://www.polo-motorrad.com/de-de/stores-polo-motorrad-store-wuerzburg/;https://www.polo-motorrad.com/de-de/stores-polo-motorrad-store-wuerzburg/;Würzburg;49.793815;9.999474;node/246678271;nur E-Mail
Vollkornbäckerei Köhler's;Bäckerei;;info@koehlers-vollkornbaeckerei.de;info@koehlers.bio;+49 931 571718;Karmelitenstraße 1;97070;Würzburg;https://www.koehlers-vollkornbaeckerei.de;https://www.koehlers.bio/unternehmen/kontakt;Würzburg;49.793182;9.927548;node/248216659;nur E-Mail
Rösner Backstube;Bäckerei;Steffen Rösner;info@bb-roesner-backstube.de;rechnungseingang@bb-roesner-backstube.de;+49 931 3042417;Saalgasse 1;97082;Würzburg;https://www.roesner-backstube.de/filialen-1/alte-mainbruecke-wuerzburg/;https://www.roesner-backstube.de/impressum/;Würzburg;49.792795;9.924667;node/248216660;vollständig
Velo Momber;Fahrrad;Christoph Momber;info@velo-momber.de;;+49 931 12627;Landwehrstraße 13;97070;Würzburg;https://www.velo-momber.de/;https://www.velo-momber.de/;Würzburg;49.787816;9.929319;node/259774616;vollständig
Emil Schiffer;Dienstleister (cafe);Burkard Schiffer;info@baeckerei-schiffer.com;;0931 53271;Petrinistraße 49;97080;Würzburg;https://baeckerei-schiffer.com/filialen/;https://baeckerei-schiffer.com/impressum;Würzburg;49.801676;9.954197;node/265532893;vollständig
Rösner Backstube;Bäckerei;Benjamin Rösner;info@bb-roesner-backstube.de;;+49 931 6192082;Klosterstraße 3;97084;Würzburg;https://www.roesner-backstube.de/;https://www.roesner-backstube.de/;Würzburg;49.764359;9.949700;node/281031327;vollständig
Radl Shop Weis;Fahrrad;Tobias Kellner;info@radlshop-weis.de;manni@radlshop-weis.de;+49 931 62032;Eisenbahnstraße 11a;97084;Würzburg;https://www.radlshop-weis.de/;https://www.radlshop-weis.de/;Würzburg;49.760790;9.951965;node/281186010;vollständig
Bäckerei / Weinstube Roth;Dienstleister (cafe);;mehlbox@baecker-roth.de;;+49 931 64149;Klosterstraße 6;97084;Würzburg;https://baecker-roth.de;https://baecker-roth.de;Würzburg;49.764216;9.949642;node/281266832;nur E-Mail
Webers;Bäckerei;;info@backkunst.de;;+49 931 3297989;Weingartenstraße 24;97072;Würzburg;https://www.backkunst.de/de/filialen/wuerzburg_weingartenstrasse;https://www.backkunst.de/impressum;Würzburg;49.784001;9.934911;node/286064771;nur E-Mail
Wildmetzgerei Holz;Metzgerei;Bernd Holz;metzgermeister.holz@gmail.com;;;Erlabrunner Straße 4;97276;Würzburg;https://www.metzgermeister-holz.de/;https://www.metzgermeister-holz.de/kopie-von-datenschutzerkl%C3%A4rung;Würzburg;49.836276;9.863816;node/289696111;vollständig
Metzgerei Flach;Metzgerei;;info@metzgerei-flach.de;metzgerei-flach@gmx.de;+49 931 461079;Falkenstraße 5;97276;Margetshöchheim;https://www.metzgerei-flach.de/;https://www.metzgerei-flach.de/kontakt/;Würzburg;49.840531;9.863028;node/289696112;nur E-Mail
TUI ReiseCenter;Reisebüro;Benjamin Jacobi;contact-point-dsa@tui.com;"info@tui.info; wuerzburg1@tui-reisecenter.de; wuerzburg1@tui-reisebuero.de";+49 931 452190;Eichhornstraße 8;97070;Würzburg;https://www.tui.com/reisebuero/wuerzburg/eichhornstrasse-8/;https://www.tui.com/impressum/;Würzburg;49.795226;9.933323;node/290744555;vollständig
Rösner Backstube;Bäckerei;Steffen Rösner;info@bb-roesner-backstube.de;;+49 931 4046746;Frankfurter Straße 47;97082;Würzburg;https://www.roesner-backstube.de/standorte/wuerzburg-frankfurter-strasse/;https://www.roesner-backstube.de/impressum/;Würzburg;49.793913;9.909286;node/290817661;vollständig
Salon Hairstyle;Friseur;;info@hairstyle-friseur.de;salonhairstylech@gmx.de;+49 931 4179081;Erlabrunner Straße 5;97276;Margetshöchheim;https://www.hairstyle-friseur.de/;https://www.hairstyle-friseur.de/kontakt/;Würzburg;49.836167;9.863501;node/292490142;nur E-Mail
Kirchner;Metzgerei;Dees Wolfgang;info@metzgerei-dees.de;metzgerei-dees@t-online.de;+49 931 40478400;Frankfurter Straße 16;97082;Würzburg;https://metzgerei-dees.de/;https://metzgerei-dees.de/impressum;Würzburg;49.794719;9.914511;node/295710225;vollständig
Maxl-Bäck;Bäckerei;Evi Bregenzer;kontakt@maxlbaeck.de;;+49 931 413004;Frankfurter Straße 10;97082;Würzburg;https://www.maxlbaeck.de/;https://www.maxlbaeck.de/impressum;Würzburg;49.794660;9.915302;node/295710228;vollständig
Erthal Sozialwerk Wäscheservice;Wäscherei;Marco Warnhoff;info@tatenwerk.social;;+49 931 7960514;;;Würzburg;https://www.erthal-sozialwerk.de/;https://www.erthal-sozialwerk.de/ueber-uns/impressum-2/;Würzburg;49.784110;9.941494;node/297530742;vollständig
Erthal Sozialwerk;Fahrrad;Marco Warnhoff;fahrradwerkstatt@erthal-sozialwerk.de;"info@tatenwerk.social; fahrradwerkstatt-esw@tatenwerk.social; sekretariat@tatenwerk.social";+49 931 3539739;Sanderstraße 27;97070;Würzburg;https://fahrradservice.erthal-sozialwerk.de/;https://fahrradservice.erthal-sozialwerk.de/ueber-uns/impressum/;Würzburg;49.788365;9.931634;node/297535223;vollständig
Fahrradprofis Würzburg;Fahrrad;Andreas Kirby;verkauf@fahrradprofis.info;;+49 931 12338;Raiffeisenstraße 3;97080;Würzburg;https://www.fahrradprofis.info;https://www.fahrradprofis.info/impressum/;Würzburg;49.798123;9.950660;node/297731793;vollständig
Wiener Feinbäcker Heberer;Bäckerei;Sandra Heberer;info@heberer.de;presse@heberer.de;+49 931 3291235;Kürschnerhof 13;97070;Würzburg;https://www.heberer.de/;https://heberer.de/impressum/;Würzburg;49.794314;9.930833;node/297915450;vollständig
abele optik;Optiker;Nicolas Abele-Schraut;serviceline@abele-optik.de;"wue-dominikanerplatz@abele-optik.de; shop@abele-optik.de";+49 931 12063;Dominikanerplatz 9;97070;Würzburg;https://www.abele-optik.de/filialfinder/wuerzburg-dominikanerplatz;https://www.abele-optik.de/footer-navigation/information/impressum/;Würzburg;49.796956;9.931010;node/297916817;vollständig
Telekom Shop;Mobilfunk;;;;+49 931 30418645;Kürschnerhof 1;97070;Würzburg;https://shopseite.telekom.de/sued-ost/wuerzburg/kuerschnerhof-1;https://shopseite.telekom.de/sued-ost/wuerzburg/kuerschnerhof-1;Würzburg;49.793556;9.930797;node/297917382;ohne Kontaktdaten
Juwelier Endres;Schmuck;;info@juwelier-endres.de;;+49 931 52735;Domstraße 34;97070;Würzburg;https://www.juwelier-endres.de/;https://www.juwelier-endres.de/kontakt/;Würzburg;49.793221;9.930830;node/297917555;nur E-Mail
Christ;Schmuck;Dr. Gunnar Binder;info@christ.de;wuerzburg020@christ.de;+49 931 30419504;Kürschnerhof 2;97070;Würzburg;https://www.christ.de/filiale/020/wuerzburg-kuerschnerhof-2;https://www.christ.de/impressum;Würzburg;49.793590;9.931139;node/297917788;vollständig
Rösner Backstube;Bäckerei;Steffen Rösner;info@bb-roesner-backstube.de;;+49 931 4606111;Marktplatz 10;97070;Würzburg;https://www.roesner-backstube.de/standorte/wuerzburg-marktplatz/;https://www.roesner-backstube.de/impressum/;Würzburg;49.794069;9.929223;node/297917857;vollständig
Rösner Backstube;Bäckerei;Steffen Rösner;info@bb-roesner-backstube.de;;+49 931 3040398;Kaiserstraße 33;97070;Würzburg;https://www.roesner-backstube.de/filialen-1/roentgenring-wuerzburg/;https://www.roesner-backstube.de/impressum/;Würzburg;49.800279;9.934775;node/297918707;vollständig
First Reisebüro;Reisebüro;Benjamin Jacobi;contact-point-dsa@tui.com;"info@tui.info; wuerzburg1@first-reisebuero.de";+49 931 354240;Martinstraße 15;97070;Würzburg;https://www.tui.com/reisebuero/wuerzburg/martinstrasse-15/;https://www.tui.com/impressum/;Würzburg;49.794587;9.932015;node/299072848;vollständig
Schmucklädele am Markt;Schmuck;Erwin Schneider;info@schmucklaedele.de;;+49 931 58299;Marktplatz 7;97070;Würzburg;https://www.schmucklädele.de/;https://www.xn--schmuckldele-ncb.de/impressum/;Würzburg;49.794825;9.929937;node/299088726;vollständig
Brillenstudio am Markt;Optiker;;info@brillenstudio-am-markt.de;;+49 931 13666;;;Würzburg;https://brillenstudio-am-markt.de;https://brillenstudio-am-markt.de/impressum/;Würzburg;49.794073;9.929370;node/299089855;nur E-Mail
Bikestore;Fahrrad;;info@bikestore-wuerzburg.de;;+49 931 77039;Wölffelstraße 1;97072;Würzburg;https://www.bikestore-wuerzburg.de/;https://bikestore-wuerzburg.de/kontakt/;Würzburg;49.784547;9.932733;node/312665991;nur E-Mail
cargovelo;Fahrrad;Stefan Dietrich;info@cargovelo.shop;info@velocity.gmbh;+49 931 2976 5373;Brücknerstraße 10;97080;Würzburg;https://cargovelo.shop/;https://cargovelo.shop/products/pages/about;Würzburg;49.802629;9.944181;node/312927425;vollständig
Metzgerei Dees;Metzgerei;Dees Wolfgang;info@metzgerei-dees.de;metzgerei-dees@t-online.de;+49 931 22119;Wagnerstraße 10;97080;Würzburg;https://metzgerei-dees.de/filialen;https://metzgerei-dees.de/impressum;Würzburg;49.802071;9.945570;node/312927448;vollständig
Brandstetter;Bäckerei;Englert Verwaltungs;info@mcb-mail.de;info@hwk-ufr.de;+49 931 3548855;;;Würzburg;https://www.marktcafe-brandstetter.de/;https://www.marktcafe-brandstetter.de/Infos/Rechtliches/Impressum/;Würzburg;49.801677;9.943772;node/312928407;vollständig
Rösner Backstube;Bäckerei;Steffen Rösner;info@bb-roesner-backstube.de;rechnungseingang@bb-roesner-backstube.de;+49 931 3539496;Schönbornstraße 5;97070;Würzburg;https://www.roesner-backstube.de/filialen-1/wuerzburg-schoenbornstr/;https://www.roesner-backstube.de/impressum/;Würzburg;49.795691;9.930909;node/314088644;vollständig
Schrauben Sepp;Eisenwaren;;schraubensepp@email.de;;+49 931 4045353;Bronnbachergasse 43;97070;Würzburg;https://wuerzburgwiki.de/wiki/Schrauben-Sepp;https://wuerzburgwiki.de/wiki/Schrauben-Sepp;Würzburg;49.796199;9.930373;node/314092636;nur E-Mail
Rohrwasser-Issing Optik;Optiker;Nicole Issing;info@rohrwasser-issing.de;;+49 931 3535200;Dominikanerplatz 4;97070;Würzburg;http://www.rohrwasser-issing.de/start/index.html;http://www.rohrwasser-issing.de/impressum/;Würzburg;49.796320;9.931416;node/314101342;vollständig
Auto Kilian;Kfz-Werkstatt;Daniel Bittner;info@auto-kilian.de;;+49 931 2500600;Nürnberger Straße 34;97076;Würzburg;https://auto-kilian.de/;https://auto-kilian.de/page/impressum.php;Würzburg;49.796263;9.963506;node/315999684;vollständig
PC's Service Würzburg;Computer;;info@pcsweb.de;;+49 931 2878071;Nürnberger Straße 88;97076;Würzburg;http://www.pcs-wuerzburg.de/;http://www.pcs-wuerzburg.de/impressum.html;Würzburg;49.795918;9.978197;node/316000241;nur E-Mail
Bäckerei Hanselmann;Bäckerei;Elke Siebenlist;office@firmenabc.com;"katjasiebenlist@gmx.de; baeckerei.hanselmann@outlook.de";+49 931 71447;Erthalstraße 48;97074;Würzburg;https://baeckerei-hanselmann.de/;https://www.baeckerei-hanselmann.de/impressum;Würzburg;49.784700;9.948899;node/318183933;vollständig
MEIER Copiersysteme;Unternehmensberatung;Michael Meier;info@meier-copiersysteme.de;info@aisys.de;+49 931 880753-0;;;Würzburg;https://meier-copiersysteme.de;https://meier-copiersysteme.de/impressum/;Würzburg;49.832146;9.904348;node/345612851;vollständig
Röder Schlosserei und Montagebau;Metallbau;;info@roeder-metallbau.de;joachim.roeder@t-online.de;0931 / 93263;;;Würzburg;https://www.roeder-metallbau.de;https://www.roeder-metallbau.de/kontakt/anfahrt;Würzburg;49.830903;9.908089;node/345622383;nur E-Mail
FERSCH malt;Maler / Lackierer;;ferschmalt@ferschmalt.de;;+49 9302 1223;Hinterer Talweg 2;97228;Rottendorf;https://www.ferschmalt.de/;https://www.ferschmalt.de/;Würzburg;49.790154;10.021764;node/1002783813;nur E-Mail
Fensterbau Zinnhobel;Glaserei;Karl Jürgen Zinnhobel;fensterbau-zinnhobel@t-online.de;;+49 931 9917360;Karmelitenstraße 1;97070;Würzburg;https://www.zinnhobel.de/;https://www.zinnhobel.de/impressum.html;Würzburg;49.793303;9.927492;node/1333961772;vollständig
Ziegler Heizungs- und Regelungstechnik GmbH;Sanitär / Heizung;;info@ziegler-shk.de;info@ieq-systems-shk.de;+49931272667;Friedrich-Bergius-Ring 7;97076;Würzburg;https://www.ziegler-shk.de/;https://www.ziegler-shk.de/unternehmen/shk/kontakt;Würzburg;49.802874;9.996240;node/2083616143;nur E-Mail
Conzept Bad;Fliesenleger;Andreas Köstner;info@conzept-bad.de;;0931 - 20 53 53 0;;;Würzburg;https://www.conzept-bad.de;https://www.conzept-bad.de/baeder_studio/kontakt/;Würzburg;49.795869;9.939681;node/2477796657;vollständig
Hilpert-Heizung Sanitär;Sanitär / Heizung;Hilpert Heizung Sanitär Verwaltungs;info@hilpert-heizung.de;;+49 931 79780 0;Werner-von-Siemens-Straße 16;97076;Würzburg;https://www.hilpert-heizung.de/;https://hilpert-heizung.de/impressum/;Würzburg;49.798999;9.978949;node/3806967759;vollständig
Elektro-Pixis GmbH;Elektriker;Tim Pixis;info@pixis.de;;+49 931 70560-0;Am Kirschberg 4;97218;Gerbrunn;https://www.pixis.de/;https://www.pixis.de/impressum/;Würzburg;49.786620;9.986598;node/4347753904;vollständig
Götz Schlüsseldienst;Schlüsseldienst;;info@schluessel-goetz.de;;+49 931 53525;;97070;Würzburg;https://www.schluessel-goetz.de/;https://www.schluessel-goetz.de/kontakt;Würzburg;49.796827;9.928748;node/4527142906;nur E-Mail
SIMON Schuhwerkstatt/Schlüsseldienst/Näherei;Schlüsseldienst;Gorgette ÜN;simonschluesseldienst1983@gmail.com;uen83@web.de;+49 171 8067034;Dominikanerpassage 36-38;97070;Würzburg;https://www.simon-schluesseldienst.de/;https://www.simon-schluesseldienst.de/impressum;Würzburg;49.796480;9.930230;node/4784496300;vollständig
Elektro Sondheimer;Elektriker;Manfred Sondheimer;info@sondheimer.net;mail@universalschlichtungsstelle.de;+49 9365 80840;;;Würzburg;https://sondheimer-elektro.ihr-elektrofachmann.de/;https://sondheimer-elektro.ihr-elektrofachmann.de/kontakt/impressum;Würzburg;49.846143;9.965965;node/6610562528;vollständig
Martin Weber Haustechnik;Sanitär / Heizung;;office@weber-martin.de;;0931 / 7840947;;;Würzburg;https://www.weber-martin.de;https://weber-martin.de/impressum/;Würzburg;49.795666;9.846836;node/7448561107;nur E-Mail
Thomas Stierhof Wand & Wohnkultur;Maler / Lackierer;Thomas Stierhof;info@stierhof-wandkultur.com;info@stierhof-wandkultur.de;+49 931 6193907;Kurze Gasse 10;97076;Würzburg;http://www.stierhof-wandkultur.com/;http://www.stierhof-wandkultur.com/;Würzburg;49.810103;9.986360;node/8033171794;vollständig
Steinwelten Josef Hofmann;Steinmetz;Josef Hofmann;info@stein-welten.com;;+49 931 20029 0;Versbacher Straße 104;97078;Würzburg;https://stein-welten.com/;https://www.stein-welten.com/impressum;Würzburg;49.815567;9.962790;node/8652947771;vollständig
Heckelmann & Kirchner;Zimmerei / Schreinerei;Christian Heckelmann;info@heckelmann-kirchner.de;;0931 / 27 049 700;Georg-Engel-Straße 23;97076;Würzburg;https://www.heckelmann-kirchner.de;https://www.heckelmann-kirchner.de/impressum/;Würzburg;49.809230;9.990250;node/8715562395;vollständig
Holzbau Preuß & Burkholz;Zimmerei / Schreinerei;;;;+49 931 8807997;Werner-von-Siemens-Straße 44;97076;Würzburg;https://hbp.3c7.de/zimmerei-wuerzburg.php;https://hbp.3c7.de/zimmerei-wuerzburg.php;Würzburg;49.801921;9.979598;node/8735913718;ohne Kontaktdaten
Porzner;Sanitär / Heizung;Dipl.-Ing. Thomas Porzner;info@porzner.com;;+49 931 461234;Hauptstraße 130;;Würzburg;https://www.porzner.com;https://www.porzner.com/impressum;Würzburg;49.809700;9.872142;node/9035821753;vollständig
Moritz Würzburg;Heizung / Klima;Herrn Armin Hebig;info@moritz-wuerzburg.de;;+49 931 797810;Randersackerer Straße 51;97072;Würzburg;https://www.moritz-wuerzburg.de;https://moritz-wuerzburg.de/index.php/impressum;Würzburg;49.776472;9.941535;node/9682761730;vollständig
Neumüller;Fensterbau;;info@fenster-neumueller.de;;+49 931 30196635;;;Würzburg;https://www.fenster-neumueller.de;https://www.fenster-neumueller.de/impressum;Würzburg;49.741840;9.963851;node/9820749556;nur E-Mail
mainTisch;Schreinerei;;info@maintisch.de;;+49 1512 0101070;;;Würzburg;https://maintisch.de;https://maintisch.de/kontakt/;Würzburg;49.831154;9.898286;node/9914428513;nur E-Mail
Malermeisterbetrieb Walter & Breunig;Innenausbau;Markus Walter;info@walter-breunig.de;;+49 931 80996910;;;Würzburg;https://www.walter-breunig.de;https://www.walter-breunig.de/impressum/;Würzburg;49.834717;9.907384;node/9914429120;vollständig
HESSELBARTH – Gebäude- und Energietechnik;Elektriker;;info@hesselbarth-get.de;;+49 931 304296 0;Daimlerstraße 7;97209;Veitshöchheim;https://www.elektro-team.info/;https://www.hesselbarth.energy/impressum-2/;Würzburg;49.830765;9.901219;node/9914429196;nur E-Mail
Zimmerei Geiger GmbH;Zimmerei / Schreinerei;Matthias Geiger;info@zimmerei-geiger.de;;+49 931 45249800;;;Würzburg;https://www.zimmerei-geiger.de;https://www.zimmerei-geiger.de/impressum/;Würzburg;49.831325;9.908106;node/9914429275;vollständig
Flammersberger GmbH Metallbau;Metallbau;Karl Flammersberger;info@flammersberger.com;;+49 931 970090;;;Würzburg;https://www.flammersberger.de;https://flammersberger.de/impressum;Würzburg;49.830168;9.908210;node/9914429277;vollständig
Franz Frisch GmbH;Maler / Lackierer;Stefan Frisch;info@frisch-malerservice.de;datenschutz@frisch-malerservice.de;0931 / 94698;;;Würzburg;https://www.frisch-malerservice.de;https://www.frisch-malerservice.de/impressum/;Würzburg;49.831796;9.904592;node/9914429296;vollständig
WPB Würzburger Pflasterbau GmbH;Pflasterbau;Ulrich Schätzlein;info@wuerzburger-pflasterbau.de;;+49 931 980690;;;Würzburg;https://www.wuerzburger-pflasterbau.de;https://www.wuerzburger-pflasterbau.de/impressum;Würzburg;49.832987;9.900066;node/9914429304;vollständig
alfred rexroth Metallbearbeitung GmbH;Metallbau;;;;;;;Würzburg;https://www.rexroth-metallbearbeitung.de/;https://www.rexroth-metallbearbeitung.de/;Würzburg;49.832642;9.899619;node/9914429305;ohne Kontaktdaten
Glaserei Nagel;Glaserei;Harald Nagel;info@glaserei-nagel.de;;0931 - 26 43 4;Steinheilstraße 3;97080;Würzburg;https://www.glaserei-nagel.de/;https://www.glaserei-nagel.de/index.php/impressum;Würzburg;49.803499;9.941102;node/10073439309;vollständig
Schumann-Kreativwerkstatt;Zimmerei / Schreinerei;Anke Lederer;info@schumann-kreativwerkstatt.de;;+49 931 78023 516;Margetshöchheimer Straße 91;97299;Zell a. Main;https://elsol-relax.de/;https://schumann-kreativwerkstatt.de/impressum/;Würzburg;49.821196;9.867252;node/10159153943;vollständig
fliesenlazar;Fliesenleger;;info@fliesenlazar.de;;+49 931 35820198;;;Würzburg;https://www.fliesenlazar.de/;https://www.fliesenlazar.de/kontakt/;Würzburg;49.795506;9.896818;node/10270138356;nur E-Mail
Rügamer Gebäudereinigung GmbH;Gebäudereinigung;;ruegamer.gebaeudeservice@gmx.net;;+49 931 53166;Juliuspromenade 13;97070;Würzburg;https://www.ruegamer-gebaeudereinigung.de;https://www.ruegamer-gebaeudereinigung.de/kontakt;Würzburg;49.796950;9.929101;node/11212253728;nur E-Mail
Viessmann;Heizung / Klima;Thomas Donato;info@viessmann-climatesolutions.com;;+4993161550;;97076;Würzburg;https://www.viessmann.de/de/kontakt/niederlassungen/verkaufsniederlassung-wuerzburg.html;https://www.viessmann.de/de/impressum.html;Würzburg;49.802137;9.997253;node/11665645170;vollständig
Kimmel GmbH;Heizung / Klima;;info@kimmel-gmbh.de;;+49 931 99135900;Zeller Straße 17;97276;Margetshöchheim;https://www.kimmel-gmbh.de/;https://www.kimmel-gmbh.de/;Würzburg;49.824914;9.867881;node/11739052818;nur E-Mail
Fritz Meder GmbH & Co. KG und FMW-Vertriebs-GmbH;Fliesenleger;Heiko Scherbantin;info@fmeder.de;;+49 931 42539;Daimlerstraße 8;97082;Würzburg;https://www.fmeder.de/;https://www.fmeder.de/www-fmeder-de/impressum;Würzburg;49.798996;9.906430;node/14181078835;vollständig
Beck Elektrotechnik GmbH;Elektriker;Christine Beck-Meidt;info@beck-elektrotechnik.de;;+49 931 20050;Nürnberger Straße 109;97076;Würzburg;https://www.team-elektro-beck.de/beck-elektrotechnik-gmbh/leistungen;https://www.team-elektro-beck.de/beck-elektrotechnik-gmbh/impressum.html;Würzburg;49.799077;9.992376;way/118635730;vollständig
Elektro Ziegler;Elektriker;Daniel Ziegler;info@ziegler-elektroservice.de;mail@universalschlichtungsstelle.de;+49 93162828;Klingenstraße 52;97084;Würzburg;https://www.ziegler-elektroservice.de;https://www.ziegler-elektroservice.de/kontakt/impressum;Würzburg;49.763057;9.945090;way/177696029;vollständig
Malergeschäft Heckelmann;Maler / Lackierer;Bernd Heckelmann;info@maler-heckelmann.de;inf@maler-heckelmann.de;+49 931 271890;Friedrich-Bergius-Ring 9b;97076;Würzburg;https://www.maler-heckelmann.de/;https://www.maler-heckelmann.de/impressum/;Würzburg;49.803320;9.995667;way/202952686;vollständig
Steinwerk Haas;Steinmetz;;info@steinwerk-haas.de;"haas@steinwerk-haas.de; hofmann@steinwerk-haas.de; mangold@steinwerk-haas.de";+49 931 65347;Winterhäuser Straße 93;97084;Würzburg;https://www.steinwerk-haas.de/;https://steinwerk-haas.de/kontakt/;Würzburg;49.756552;9.974696;way/231362855;nur E-Mail
Wagner Sicherheitstechnik GmbH & Schlüssel Wagner GmbH;Schlüsseldienst;Loos Rechtsanwälte;info@wagner-sicherheit.de;"support@wagner-sicherheit.de; datenschutz@wagner-sicherheit.de; info@kanzlei-loos.de";+49 931 70588 0;Käthe-Kollwitz-Straße 3;97218;Gerbrunn;https://www.wagner-sicherheit.de/;https://www.wagner-sicherheit.de/impressum.html;Würzburg;49.786601;9.984000;way/321049773;vollständig
Schreinerei Walk GmbH;Zimmerei / Schreinerei;der Schreinerei Walk;mw@schreinerei-walk.de;;+49 9306 1376;Guttenberger Straße 9a;97270;Kist;https://www.schreinerei-walk.de/;https://www.schreinerei-walk.de/impressum-und-datenschutzerklaerung/;Kist;49.744506;9.847993;node/7264996813;vollständig
RMS Metalwork GmbH;Metallbau;Kevin Guhr;service@rms-metalwork.de;;+49 9306 8599;Sonnleite 15;97270;Kist;https://www.rms-metalwork.de/;https://rms-metalwork.de/;Kist;49.737562;9.842931;node/9851405107;vollständig
DGM Deutsche Glas Manufaktur GmbH;Glaserei;;info@deutschesglas.de;info@funky-bits.de;+49 9369 984 96 11;Prinz-Ludwig-Straße 6;97264;Helmstadt;https://www.deutschesglas.de/;https://www.deutschesglas.de/#kontakt-datenschutz.html;Helmstadt;49.758719;9.716972;node/6737950822;nur E-Mail
Blank Bauunternehmung;Bauunternehmen;Christoph Blank;info@bauunternehmung-blank.de;;+49 9369 1666;Prinz-Ludwig-Straße 4;97264;Helmstadt;https://www.bauunternehmung-blank.de/;https://www.bauunternehmung-blank.de/impressum/;Helmstadt;49.758934;9.716330;node/13716960216;vollständig
Rumoboden;Bodenleger;Christoph Ruhland;;;09342- 935 -;Carl-Jacob-Kolb-Weg 5;97877;Wertheim;https://www.rumoboden.de;https://www.rumoboden.de/impressum/;Wertheim;49.783864;9.506873;node/14157163707;nur Geschäftsführer
Heim;Steinmetz;Andreas Heim;mail@heim-natursteine.de;t.giegerich@heim-natursteine.de;+49 9371 3112;Hans-Stiglitz-Weg 2;63897;Miltenberg;https://www.heim-natursteine.de/;https://heim-natursteine.de/impressum/;Miltenberg;49.703652;9.268454;node/6777562113;vollständig
Felix Bauer Edelstahltechnik;Metallbau;Felix Bauer;info@felix-bauer.com;;+49 9371 948939 0;Siemensstraße 5;63897;Miltenberg;https://www.felix-bauer.com;https://www.felix-bauer.com/about/;Miltenberg;49.709329;9.244263;node/6813758058;vollständig
Fliesen-Center Hawel;Fliesenleger;Achim Hawel;;;+49 9371 8422;Oberer Steffleinsgraben 4;63927;Bürgstadt;https://www.fliesen-hawel.de/;https://www.fliesen-hawel.de/about/;Miltenberg;49.708703;9.267510;node/7611578458;nur Geschäftsführer
F.J.-Riegel;Stuckateur;Michael Riegel;info@maler-riegel.de;;+49 9371 1281;Hauptstraße 58;63927;Bürgstadt;https://www.maler-riegel.de;https://www.maler-riegel.de/;Miltenberg;49.712581;9.268718;node/8554600522;vollständig
A&R Wachtel;Maler / Lackierer;Timo Wachtel;timo@malerwachtel.de;ralf.wachtel@freenet.de;+49 9371 67764;;;Miltenberg;http://www.malerwachtel.de;http://www.malerwachtel.de/impressum.html;Miltenberg;49.708837;9.268086;node/8578245226;vollständig
Dietz;Metallbau;;peter@dietz-metallbau.de;;+49 171 1719889;;;Miltenberg;http://www.dietz-metallbau.de;http://www.dietz-metallbau.de/;Miltenberg;49.725433;9.225556;node/8594624216;nur E-Mail
FZ Elektrotechnik;Elektriker;;franz-zoeller@fz-elektro.de;;+49 9371 682 82;Ludwigstraße 7;63920;Großheubach;https://www.fz-elektro.de;https://www.fz-elektro.de;Miltenberg;49.728481;9.224399;node/8618598207;nur E-Mail
CS Clean Service;Gebäudereinigung;Sven Klapper;info@cs-mil.de;;+49 9371 657 79;;;Miltenberg;https://www.cs-mil.de;https://www.cs-mil.de/impressum;Miltenberg;49.715254;9.235090;node/8628352047;vollständig
TA Elektrotechnik;Elektriker;;firma@ta-elektrotechnik.de;;+49 9371 601 7125;;;Miltenberg;https://www.ta-elektrotechnik.de;https://www.ta-elektrotechnik.de;Miltenberg;49.717845;9.231268;node/8634672157;nur E-Mail
Jäger & Kaufmann;Sanitär / Heizung;Ronald Jäger;info@jaeger-kaufmann.de;info@stw-webdesign.de;09371 4815;Im Steiner 20;63924;Kleinheubach;https://www.jaeger-kaufmann.de/;https://www.jaeger-kaufmann.de/pages/impressum.php;Miltenberg;49.713463;9.223662;node/8755631725;vollständig
Schneider Innen.Raum.Design;Schreinerei;Martin Schneider;info@schneider-raum.de;;09371/94730-0;Im Bruch 1;;Miltenberg;https://www.schneider-raum.de;https://www.schneider-raum.de/impressum.html;Miltenberg;49.706376;9.229564;node/9696025927;vollständig
AKS GmbH;Elektriker;Ahmet Kocyigit;info@ak-s.tv;anfrage@main-pv.de;;Lassallestraße 7;;Miltenberg;https://ak-s.tv/;https://main-pv.de/impressum/;Miltenberg;49.704678;9.228066;node/10937626870;vollständig
Breitenbach Stahl- und Metallbau;Metallbau;;info@breitenbach-metall.de;myjob@breitenbach-metall.de;+49 9371 9783-0;Im Bruch 11;63897;Miltenberg;https://breitenbach-metall.com/;https://breitenbach-metall.com/impressum.html;Miltenberg;49.705074;9.227590;node/11071021566;nur E-Mail
Elektroservice Reichl;Elektriker;Frank Reichl;kontakt@elektroservice-reichl.de;mail@universalschlichtungsstelle.de;+49 9372 923856;;;Miltenberg;https://www.elektroservice-reichl.de;https://www.elektroservice-reichl.de/kontakt/impressum;Miltenberg;49.726381;9.221474;node/13768610630;vollständig
Heim Steintechnik;Steinmetz;Martin Heim;info@heim-steintechnik.de;;09371 668010;Industriestraße 4b;63927;Bürgstadt;https://www.heim-steintechnik.de;https://www.heim-steintechnik.de/impressum/;Miltenberg;49.731803;9.273825;way/86264621;vollständig
Hefner;Bodenleger;Jürgen Hefner;info@hefner-boden.de;;0 93 71 - 94 99 480;Eichenbühler Straße 89;63927;Bürgstadt;https://hefner-boden.de;https://hefner-boden.de/impressum/;Miltenberg;49.704187;9.281114;way/204037343;vollständig
Fichtl Holz Hand Werk;Schreinerei;;info@schreiner-fichtl.de;;+49 6022 2086113;Im Weidig 37;63785;Obernburg am Main;https://www.schreiner-fichtl.de;https://www.schreiner-fichtl.de/kontakt/;Obernburg am Main;49.834838;9.119144;node/3834420811;nur E-Mail
RAKU Stahl & Aluminium GmbH;Metallbau;Bernd Reichert;info@raku-gmbh.de;;+49 6022 9073;Spessartstraße 21;63785;Obernburg am Main;https://www.raku-gmbh.de;https://www.raku-gmbh.de/impresum.html;Obernburg am Main;49.833422;9.118399;node/4018673857;vollständig
Rehm Trockenbau;Bauunternehmen;Michael Rehm;info@rehm-trockenbau.de;;+49 6022 5072011;Spessartstraße 21;63785;Obernburg am Main;https://rehm-trockenbau.de/;https://rehm-trockenbau.de/impressum/;Obernburg am Main;49.833397;9.118401;node/4018673858;vollständig
Bausysteme Wagner;Fensterbau;;pwagner@wagner-bausysteme.com;;+49 6022 5067444;Obernburger Straße 36;63853;Mömlingen;https://www.wagner-bausysteme.de;https://www.wagner-bausysteme.de/impressum/;Obernburg am Main;49.851060;9.088498;node/5624671527;nur E-Mail
ms: Elektrotechnik;Elektriker;Michael Stegmann;info@ms-elektro-technik.de;;+49 6022 710100;Im Höning 20;;Obernburg am Main;https://www.ms-elektro-technik.de;https://www.ms-elektro-technik.de/impressum.html;Obernburg am Main;49.855620;9.167251;node/6270137880;vollständig
Elektrotechnik Wahl;Elektriker;;;;+49 9372 940239;Pfützenäcker 14;63906;Erlenbach am Main;https://www.etechnik-wahl.de;https://www.etechnik-wahl.de/;Obernburg am Main;49.807048;9.159334;node/7955913151;ohne Kontaktdaten
Heizung Sanitär Kelpetin;Sanitär / Heizung;Fatih Kelpetin;info@kelpetin.eu;;+4915141912358;Liebigstraße 10;63906;Erlenbach am Main;https://www.kelpetin.eu/;https://www.kelpetin.eu/impressum;Obernburg am Main;49.808102;9.150558;node/9183896147;vollständig
Fath Bau;Bauunternehmen;Robin Fath;info@fath-bau.com;;+49 170 9129431;;;Obernburg am Main;https://www.fath-bau.com/;https://www.fath-bau.com/Impressum;Obernburg am Main;49.833786;9.120337;node/11242169782;vollständig
Zwissler;Heizung / Klima;Heinrich Zwissler;buero@zwissler.eu;;+49 9371 3909;Rathausstraße;63920;Großheubach;https://www.zwissler.eu;https://zwissler.eu/index.php/impressum/;Kleinheubach;49.726475;9.220942;node/1035407239;vollständig
TW Elektrotechnik – Thomas Waigand;Elektriker;;kontakt@tw-elektrotechnik.com;;+49 6022 6524389;Im Höning 12;63820;Elsenfeld;https://www.tw-elektrotechnik.com;https://www.tw-elektrotechnik.com/;Obernburg am Main;49.854641;9.166076;node/12043664366;nur E-Mail
Färber;Heizung / Klima;Hans-Peter Färber;info@faerbergmbh.de;;06022/71094-0 -;Grundtalring 16;63868;Großwallstadt;https://www.faerbergmbh.de;https://www.faerbergmbh.de/anbieterkennzeichnung;Obernburg am Main;49.875748;9.148984;way/280507427;vollständig
Zimmerei Boneberger;Zimmerei / Schreinerei;;info@zimmerei-boneberger.de;;+49 6022 2233;An der Wehrinsel 1;63785;Obernburg am Main;https://zimmerei-boneberger.de;https://zimmerei-boneberger.de/kontakt.html;Obernburg am Main;49.831847;9.129020;way/612232377;nur E-Mail
Malerforum HMD GmbH;Maler / Lackierer;Patrick Hein;info@malerforum.com;;+49 6022 7093330;Im Höning 5-9;63820;Elsenfeld;https://www.malerforum.com;https://www.malerforum.com/impressum/;Obernburg am Main;49.854809;9.165384;way/669564361;vollständig
Schreinerei Appel;Schreinerei;Julia Brenner;;;+49 6022 2631-0;Toni-Schecher-Straße 2-4;63820;Elsenfeld;https://www.appel-rueck.de;https://www.appel-rueck.de/impressum.html;Obernburg am Main;49.836481;9.193750;way/768315260;nur Geschäftsführer
Löwe;Fensterbau;Leo Löffler;info@loewe-fenster.de;;+49 6022 6630-0;;;Obernburg am Main;https://www.loewe-fenster.de;https://loewe-fenster.de/impressum/;Obernburg am Main;49.857181;9.183449;way/814968079;vollständig
Roth Elektrotechnik;Elektriker;;info@roth-elektrotechnik.com;;+49 6022 2655880;Grundtalring 45;;Obernburg am Main;https://www.roth-elektrotechnik.com;https://roth-elektrotechnik.com/kontakt;Obernburg am Main;49.876076;9.148238;way/926308994;nur E-Mail
Schreinerei ML;Schreinerei;;info@schreinereiml.com;info@schreinereiml.de;+49 9372 9444383;Dr.-Gammert-Straße 21;63906;Erlenbach am Main;https://www.schreinereiml.com/;https://www.schreinereiml.com/kontakt;Obernburg am Main;49.819423;9.154656;way/1036095393;nur E-Mail
Schreinerei Hammerbacher;Zimmerei / Schreinerei;Stephan Hammerbacher;info@schreinerei-hammerbacher.de;;+49 (0) 6021 / 2 25 96;;;Aschaffenburg;https://www.schreinerei-hammerbacher.de/;https://www.schreinerei-hammerbacher.de/impressum/;Aschaffenburg;49.966022;9.142354;node/3502669717;vollständig
Steinwerk Hirte;Steinmetz;;info@steinwerk-hirte.de;;06021 929485;;;Aschaffenburg;https://www.stein-werk.eu/;https://www.steinwerk-hirte.de/impressum;Aschaffenburg;49.970633;9.147959;node/3535241018;nur E-Mail
Ludwig Meister;Metallbau;Elisabeth Meister;info@ludwigmeister.de;"dachau@ludwigmeister.de; aschaffenburg@ludwigmeister.de; augsburg@ludwigmeister.de";+49 8131 / 3331 - 0;Magnolienweg 31;63741;Aschaffenburg;https://www.ludwigmeister.de/unternehmen/standorte;https://www.ludwigmeister.de/impressum;Aschaffenburg;49.968550;9.131222;node/3719664430;vollständig
Ulltech AG;Sanitär / Heizung;Michael Roth;info@ulltech-ag.de;;06021-386530;;;Aschaffenburg;https://www.ulltech.de/;https://ulltech.de/impressum;Aschaffenburg;49.968312;9.132410;node/3719664440;vollständig
Glasstudio Bergmann;Glaserei;Susanne Dreisbusch;info@glasstudio-bergmann.de;;+49 6021 28484;;;Aschaffenburg;https://www.glasstudio-bergmann.de/;https://glasstudio-bergmann.de/impressum/;Aschaffenburg;49.977447;9.142295;node/3822522222;vollständig
Benedict Systemtechnik GmbH;Metallbau;Gottfried Köhler;info@benedict-gmbh.de;;+49 (0)6021;;;Aschaffenburg;https://www.benedict-gmbh.de/;https://www.benedict-gmbh.de/impressum/;Aschaffenburg;49.987561;9.107518;node/3945499136;vollständig
Günther Kälte-Klima GmbH;Heizung / Klima;Peter Hoffmann;kontakt@gkk.net;;+49-6021-34940;;;Aschaffenburg;https://www.gkk.net/;https://www.gkk.net/ueber-uns/;Aschaffenburg;49.985115;9.121865;node/4151156078;vollständig
Elektro Max;Elektriker;;mail@universalschlichtungsstelle.de;elektromax@online.de;06021/5851666;;;Aschaffenburg;https://www.elektromax-hausgeraete.de/;https://www.elektromax-hausgeraete.de/kontakt/kontaktformular;Aschaffenburg;49.990569;9.134935;node/4328998175;nur E-Mail
Adam Höflich GmbH;Metallbau;Robin Hein;info@uta-gmbh.de;;06021 / 401922;;;Aschaffenburg;https://www.a-h-a.de/;https://uta-gmbh.de/impressum;Aschaffenburg;49.988813;9.136937;node/4420845225;vollständig
Mainhof Bäder;Sanitär / Heizung;Fritz Loosmann;info@maidhof-baeder.de;;+49 6021 45610 40;Frohnradstraße 3a;63768;Hösbach;https://www.maidhof-baeder.de;https://maidhof-baeder.de/impressum/;Aschaffenburg;50.009602;9.215776;node/6135025622;vollständig
Kohl GmbH Heizungsbau;Sanitär / Heizung;Kevin Rudolph;info@haustechnik-rhein-main.de;;+49 6021 441570;Bergstraße 58;63814;Mainaschaff;https://haustechnik-rhein-main.de/;https://haustechnik-rhein-main.de/kontakt-heizung-klima-sanitaer-aschaffenburg/;Aschaffenburg;49.982241;9.080075;node/9930446355;vollständig
Hartlieb;Schlüsseldienst;;info@hartlieb-sicherheit.com;;"+49 6021 75045;+49 5113 12013";Rohrsängerweg 3;63814;Mainaschaff;https://hartlieb-sicherheit.com/;https://hartlieb-sicherheit.com/Informationen/Kontakt;Aschaffenburg;49.978848;9.080648;node/9939490586;nur E-Mail
Wischfix;Gebäudereinigung;Stephan Dietz;info@wischfix.com;;+49 6021 456780;Paulusstraße 1;63741;Aschaffenburg;https://www.wischfix.com;https://www.wischfix.com/impressum/;Aschaffenburg;49.983960;9.139706;node/13196487759;vollständig
Bau-Tec;Bauunternehmen;Sherif Musliu;info@bau-tec.work;;+49 6021 6296802;Aschaffenburger Straße 79;63773;Goldbach;http://bau-tec.work;http://bau-tec.work/imp.html;Aschaffenburg;49.997250;9.183191;node/13260471671;vollständig
EnRo Tiefbau;Bauunternehmen;Sherif Musliu;info@enro-gmbh.de;;+49 6181 3044520;Aschaffenburger Straße 79;63773;Goldbach;https://enro-gmbh.de;https://enro-gmbh.de/impressum/;Aschaffenburg;49.997263;9.183170;node/13260471672;vollständig
Gallivoda Raumdesign;Maler / Lackierer;;rene@gallivoda.de;;+49 171 8230436;Im Hagen 2;63768;Hösbach;https://www.gallivoda-raumdesign.de/;https://www.gallivoda-raumdesign.de/kontakt/;Aschaffenburg;49.986136;9.230502;node/13314926748;nur E-Mail
ELKY;Metallbau;Eva Kunz;info@elkytech.de;;+49 (0) 6021 12088;;;Aschaffenburg;https://www.elkytech.de/;https://www.elkytech.de/impressum/;Aschaffenburg;49.977703;9.152768;node/2895776521;vollständig
Malermeister Reißing;Maler / Lackierer;;info@reissing-malermeister.de;;+49 6021 624790;Lorenz-Heim-Straße 19;63773;Goldbach;https://reissing-malermeister.de/;https://reissing-malermeister.de/impressum/;Aschaffenburg;50.000920;9.187104;node/13564468084;nur E-Mail
Uis Gebäudereinigung;Gebäudereinigung;Omran Usanmaz;info@uis-gebaeudereinigung.de;;+49 6021 3284261;;;Aschaffenburg;https://www.uis-gebaeudereinigung.de/;https://www.uis-gebaeudereinigung.de/impressum/;Aschaffenburg;49.958517;9.117026;node/14020358384;vollständig
Göhler Schreinerei und Innenausbau;Schreinerei;;service@schreinerei-goehler.de;;+49 6021 560048;Daimlerstraße 4a;63768;Hösbach;https://schreinerei-goehler.de/;https://schreinerei-goehler.de/;Aschaffenburg;50.007737;9.216509;way/38820531;nur E-Mail
AluTechnik;Fensterbau;Jan Horlebein;info@alutechnik.com;;;Braunstraße 13;63741;Aschaffenburg;https://www.alutechnik.com/;https://alutechnik.com/;Aschaffenburg;49.971098;9.111835;way/94955813;vollständig
Philipp Zimlich Präzisionswerkzeuge;Metallbau;Dipl.-Ing. Ralf Denk;info@pza.de;bozhin-karaivanov@unsplash.com;+49 6021 84740;Fraunhoferstraße 4;63741;Aschaffenburg;https://www.pza.de/home.html;https://www.pza.de/impressum;Aschaffenburg;49.973283;9.118503;way/94989023;vollständig
SEMCO;Fensterbau;;info@semcoglas.com;"info@semcoglas.de; info.aschaffenburg@semcoglas.de; info.sennfeld@semcoglas.de";04488 / 840-0;Dieselstraße 9;63741;Aschaffenburg;https://www.semcoglas.com/;https://www.semcoglas.com/de/kontakt;Aschaffenburg;49.984888;9.109820;way/114724528;nur E-Mail
Ernst Aulbach GmbH;Bauunternehmen;Alexander Aulbach;info@e-aulbach-bau.de;;06021 424021;Benzstraße 9;;Aschaffenburg;https://www.aulbach-bau.de/;https://www.aulbach-bau.de/impressum.htm;Aschaffenburg;49.983092;9.108310;way/123762956;vollständig
Planolith;Metallbau;Stefan Hein;info@planolith.de;;+49 6021 34 07 0;Zeppelinstraße 7;63741;Aschaffenburg;https://www.planolith.de/;https://www.planolith.de/impressum/;Aschaffenburg;49.986261;9.108309;way/123764723;vollständig
Hoerig GmbH;Metallbau;Armin Wengerter;info@hoerig-gmbh.de;;+49 (0) 6021 429310;Lohmühlstraße 23;63741;Aschaffenburg;http://www.hoerig-gmbh.de/;http://www.hoerig-gmbh.de/html/impressum.html;Aschaffenburg;49.990302;9.135874;way/123910782;vollständig
Hartig;Metallbau;Hartig Beteiligungs;info@hartig-germany.com;;+49 6021 421210;Lohrweg 6;63741;Aschaffenburg;https://www.hartig-germany.com/;https://hartig-germany.com/impressum/;Aschaffenburg;49.990166;9.144566;way/124149992;vollständig
Metallbau Bergmann;Metallbau;Simon Bergmann;info@metallbau-bergmann.de;;06021/418723;Magnolienweg 42;63741;Aschaffenburg;https://www.metallbau-bergmann.de/;https://metallbau-bergmann.de/impressum/;Aschaffenburg;49.969267;9.131212;way/124560701;vollständig
Schmitt Maschinen;Metallbau;Doris Gebhardt;;;+49(0)6021-45707-0;Ahornweg 112;63741;Aschaffenburg;https://www.schmitt-maschinen.com/;https://www.schmitt-maschinen.com/de/impressum;Aschaffenburg;49.967931;9.131808;way/124560705;nur Geschäftsführer
Schreinerei Milde;Zimmerei / Schreinerei;Günter Milde;info@schreinerei-milde.de;;+49-6028-1560;Maintalstraße 97;63743;Aschaffenburg;https://schreinerei-milde.de;https://schreinerei-milde.de/impressum;Aschaffenburg;49.939960;9.129056;way/146399389;vollständig
Krause Sanitär;Sanitär / Heizung;;mail@ralfkrause.info;;+49 6028 992342;Ruchelnheimstraße 11a;;Aschaffenburg;https://www.krause-sanitaer.info/;https://www.krause-sanitaer.info/kopie-von-impressum;Aschaffenburg;49.923170;9.154807;way/161018339;nur E-Mail
Zimmerei Grimm & Wissel;Bauunternehmen;Simon Elbert;zimmerei@grimm-wissel.de;;0 60 28 / 99 21 31;Ruchelnheimstraße 4a;63743;Aschaffenburg;https://www.grimm-wissel.de;https://www.grimm-wissel.de/impressum/;Aschaffenburg;49.924409;9.152285;way/161019673;vollständig
Fenster Stenger GmbH;Glaserei;Frank Stenger;info@fenster-stenger.de;;0 60 21 - 62 981 0;Am Sägewerk 10;;Aschaffenburg;https://www.fenster-stenger.de;https://www.fenster-stenger.de/Impressum/DE_index_3009.html;Aschaffenburg;49.997047;9.188093;way/414313535;vollständig
Grabmale Karl Hein;Steinmetz;Steffen Hein;;;+49 6021 51715;Aschaffenburger Straße 92;63773;Goldbach;http://www.grabmale-hein.de/;http://www.grabmale-hein.de/;Aschaffenburg;49.997523;9.185620;way/444751653;nur Geschäftsführer
Horst Roth Stahlbau GmbH & Co. KG;Metallbau;;info@stahlbau-roth.de;;06021 / 45898-0;Kreuzäcker-Ring 21;63814;Mainaschaff;https://www.stahlbau-roth.de/;https://stahlbau-roth.de/kontakt/;Aschaffenburg;49.984588;9.101988;way/744450726;nur E-Mail
Bormann;Maler / Lackierer;;info@bormann-malerbetrieb.de;;+49 6021 54196;Frohnradstraße 18;63768;Hösbach;https://www.bormann-malerbetrieb.de/;https://www.bormann-malerbetrieb.de/kontakt.html;Goldbach;50.010209;9.222316;node/13484180685;nur E-Mail
Reinfurth Parkett und Bodenbeläge;Parkettleger;Heiko Reinfurth;info@reinfurth-parkett.de;;06027 124340;;;Kleinostheim;https://reinfurth-parkett.de/;https://www.reinfurth-parkett.de/impressum.html;Kleinostheim;50.007405;9.061490;node/12568128955;vollständig
EBS Gebäudereinigung;Gebäudereinigung;;info@ebs-gebaeudereinigung.de;;+49 6027 2059895;;;Kleinostheim;https://www.ebs-gebaeudereinigung.de;https://ebs-gebaeudereinigung.de/kontakt/;Kleinostheim;50.000650;9.068487;node/12684253107;nur E-Mail
